<?xml version="1.0" encoding="UTF-8" standalone="yes"?>
<addon id="service.subtitles.screwzira" name="ScrewZira" version="1.2.0" provider-name="CaTz">
  <requires>
    <import addon="xbmc.python" version="2.25.0"/>
    <import addon="script.module.requests" version="2.22.0"/>
  </requires>
  <extension point="xbmc.subtitle.module" library="service.py"/>
  <extension point="xbmc.addon.metadata">
    <summary lang="en">Screwzira.com</summary>
    <description lang="en">Search and Download subtitles from screwzira.com.</description>
    <source>https://github.com/XBMCil/service.subtitles.screwzira</source>
    <language>en</language>
    <license>GNU GENERAL PUBLIC LICENSE. Version 2, June 1991</license>
  </extension>
</addon>